{"cameraMode":{"drawMode":0,"name":"Shaded","section":"Shading Mode"},"sceneLighting":false,"audioPlay":false,"sceneViewState":{"showFog":true,"showMaterialUpdate":false,"showSkybox":true,"showFlares":true,"showImageEffects":true,"showParticleSystems":true},"in2DMode":false,"pivot":{"x":-4.173366546630859,"y":-1.2773469686508179,"z":-4.319549560546875},"rotation":{"x":0.04597767814993858,"y":-0.920462965965271,"z":0.11408353596925736,"w":0.37097039818763735},"size":8.953506469726563,"orthographic":false}