{"cameraMode":{"drawMode":0,"name":"Shaded","section":"Shading Mode"},"sceneLighting":false,"audioPlay":false,"sceneViewState":{"showFog":true,"showMaterialUpdate":false,"showSkybox":true,"showFlares":true,"showImageEffects":true,"showParticleSystems":true},"in2DMode":false,"pivot":{"x":0.009986713528633118,"y":0.10297379642724991,"z":0.0},"rotation":{"x":0.057428028434515,"y":-0.30355438590049746,"z":0.01833375170826912,"w":0.9509052038192749},"size":1.6990041732788087,"orthographic":false}