{"cameraMode":{"drawMode":0,"name":"Shaded","section":"Shading Mode"},"sceneLighting":false,"audioPlay":false,"sceneViewState":{"showFog":true,"showMaterialUpdate":false,"showSkybox":true,"showFlares":true,"showImageEffects":true,"showParticleSystems":true},"in2DMode":false,"pivot":{"x":612.8095703125,"y":317.9980163574219,"z":0.7127104997634888},"rotation":{"x":-0.14340752363204957,"y":0.0747363492846489,"z":-0.010862336494028569,"w":-0.9867780208587647},"size":2.8578836917877199,"orthographic":false}