{"cameraMode":{"drawMode":0,"name":"Shaded","section":"Shading Mode"},"sceneLighting":true,"audioPlay":false,"sceneViewState":{"showFog":true,"showMaterialUpdate":false,"showSkybox":true,"showFlares":true,"showImageEffects":true,"showParticleSystems":true},"in2DMode":false,"pivot":{"x":-1.659999966621399,"y":0.6700000166893005,"z":0.0},"rotation":{"x":0.03330850973725319,"y":0.017987819388508798,"z":-0.000598435930442065,"w":0.9992839694023132},"size":1.000259280204773,"orthographic":false}